"Sep 15, 2018 01.wav"
"Sep 15, 2018 01_1.wav"
"Sep 15, 2018 01_2.wav"
"Sep 15, 2018 01_3.wav"
"Sep 15, 2018 01_4.wav"
"Sep 15, 2018 01_5.wav"
"Sep 15, 2018 01_6.wav"
"Sep 15, 2018 01_7.wav"
"Sep 15, 2018 01_8.wav"
"Sep 15, 2018 01_9.wav"
"Sep 15, 2018 01_10.wav"
"Sep 15, 2018 01_11.wav"
"Sep 15, 2018 01_12.wav"
"Sep 15, 2018 01_13.wav"
"Sep 15, 2018 01_14.wav"
"Sep 15, 2018 01_15.wav"
"Sep 15, 2018 01_16.wav"
"Sep 15, 2018 01_17.wav"
"Sep 15, 2018 01_18.wav"
"Sep 15, 2018 01_20.wav"
"Sep 15, 2018 01_21.wav"
"Sep 15, 2018 01_22.wav"
"Sep 15, 2018 01_23.wav"
"Sep 15, 2018 01_24.wav"
"Sep 15, 2018 01_25.wav"
"Sep 15, 2018 01_26.wav"
"Sep 15, 2018 01_27.wav"
"Sep 15, 2018 01_28.wav"
"Sep 15, 2018 01_29.wav"
"Sep 15, 2018 01_30.wav"
"Sep 15, 2018 01_31.wav"
"Sep 15, 2018 01_32.wav"
"Sep 15, 2018 01_33.wav"
"Sep 15, 2018 01_34.wav"
"Sep 15, 2018 01_35.wav"
"Sep 15, 2018 01_36.wav"
"Sep 15, 2018 01_37.wav"
"Sep 15, 2018 01_38.wav"
"Sep 15, 2018 01_39.wav"
"Sep 15, 2018 01_40.wav"
"Sep 15, 2018 01_41.wav"
"Sep 15, 2018 01_42.wav"
"Sep 15, 2018 01_43.wav"
"Sep 15, 2018 01_44.wav"
"Sep 15, 2018 01_45.wav"
"Sep 15, 2018 01_46.wav"
"Sep 15, 2018 01_47.wav"
"Sep 15, 2018 01_48.wav"
"Sep 15, 2018 01_49.wav"
"Sep 15, 2018 01_50.wav"
"Sep 15, 2018 01_51.wav"
"Sep 15, 2018 01_52.wav"
"Sep 15, 2018 01_53.wav"
"Sep 15, 2018 01_54.wav"
"Sep 15, 2018 01_55.wav"
"Sep 15, 2018 01_56.wav"
"Sep 15, 2018 01_57.wav"
"Sep 15, 2018 01_58.wav"
"Sep 15, 2018 01_59.wav"
"Sep 15, 2018 01_60.wav"
"Sep 15, 2018 01_61.wav"
"Sep 15, 2018 01_62.wav"
"Sep 15, 2018 01_63.wav"
"Sep 15, 2018 01_64.wav"
"Sep 15, 2018 01_65.wav"
"Sep 15, 2018 01_66.wav"
"Sep 15, 2018 01_67.wav"
"Sep 15, 2018 01_68.wav"
"Sep 15, 2018 01_69.wav"
"Sep 15, 2018 01_70.wav"
"Sep 15, 2018 01_71.wav"
"Sep 15, 2018 01_72.wav"
"Sep 15, 2018 01_73.wav"
"Sep 15, 2018 01_74.wav"
"Sep 15, 2018 01_75.wav"
"Sep 15, 2018 01_76.wav"
"Sep 15, 2018 01_77.wav"
"Sep 15, 2018 01_78.wav"
"Sep 15, 2018 01_79.wav"
"Sep 15, 2018 01_80.wav"
"Sep 15, 2018 01_81.wav"
"Sep 15, 2018 01_82.wav"
"Sep 15, 2018 01_83.wav"
"Sep 15, 2018 01_84.wav"
"Sep 15, 2018 01_85.wav"
"Sep 15, 2018 01_86.wav"
"Sep 15, 2018 01_87.wav"
"Sep 15, 2018 01_88.wav"
